Workbook

Sheet Briefs
A1: # | B1: Post title (H1) | C1: Blog URL | D1: Service page | E1: Button on service page | F1: Blog plan | G1: Phase | H1: Primary keyword | I1: Secondary keywords | J1: FAQs | K1: Copy blocks | L1: Supporting post ideas | M1: Notes | N1: Status
A2: 1 | B2: What Is Brow Tinting and Shaping? | C2: /blog/what-is-brow-tinting-and-shaping | D2: /brow-tint-and-shape | E2: Learn more about Brow Tinting & Shaping | F2: Pillar 4 (What Is a Brow Tint?) | G2: 2 | H2: what is brow tinting | I2: how long does a brow tint last; eyebrow tinting; eyebrow shaping; brow tint aftercare | J2: =COUNTIF(FAQs!$A:$A,A2) | K2: =COUNTIF('Approved copy'!$A:$A,A2) | L2: Brow tint vs henna vs lamination · How long does a brow tint last? · Brow tint aftercare · Eyebrow shaping for your face shape · Brow tint for grey or sparse brows · What to expect at your first brow appointment | M2: Jamie does not do hot wax shaping: do not use the waxing keywords from the blog plan. Use "brow bar" only as written in the approved copy. | N2: Not started
A3: 2 | B3: What Is a Lash Lift and Tint? | C3: /blog/what-is-a-lash-lift-and-tint | D3: /lash-lift-and-tint | E3: Learn more about Lash Lift and Tint | F3: Pillar 3 (What Is a Lash Lift?) | G3: 1 | H3: what is a lash lift | I3: lash lift and tint; Keratin vs BOMB vs Korean lash lift; how long does a lash lift last; lash lift aftercare (350/mo CA) | J3: =COUNTIF(FAQs!$A:$A,A3) | K3: =COUNTIF('Approved copy'!$A:$A,A3) | L3: Keratin vs BOMB vs Korean lash lift · Lash lift vs lash extensions · Lash lift vs eyelash perm · Lash lift and tint vs lash tint alone · How long does a lash lift last? · Lash lift on hooded or mature eyes · How often can you get a lash lift? | M3: The existing post "How to Make Your Lash Lift and Tint Last Longer" (/blog/lash-lift-aftercare-tips) is a supporting post: link it from this pillar. Lash Lift Only is $50 (in the FAQs). | N3: Not started
A4: 3 | B4: What Is Lash Tinting? | C4: /blog/what-is-lash-tinting | D4: /lash-tinting | E4: Learn more about Lash Tinting | F4: Pillar 4 (What Is a Brow Tint?) covers lash tint too | G4: 2 | H4: what is lash tinting | I4: lash tint (800/mo CA, KD 0); eyelash tinting; how long does a lash tint last | J4: =COUNTIF(FAQs!$A:$A,A4) | K4: =COUNTIF('Approved copy'!$A:$A,A4) | L4: Lash lift and tint vs lash tint alone · How long does a lash tint last? · Is lash tinting safe for sensitive eyes? | M4: Lash-only: Jamie asked for brow mentions to be removed from this service. Still open with Jamie: whether the card/menu name "Lash & Brow Tinting" changes to "Lash Tinting". No photo yet. | N4: Not started
A5: 4 | B5: What Is Microblading? | C5: /blog/what-is-microblading | D5: /microblading | E5: Learn more about Microblading | F5: Pillar 1 | G5: 1 | H5: what is microblading | I5: microblading healing; how long does microblading last; does microblading hurt; powder brows vs microblading (350/mo CA, 6,700 global, KD 1) | J5: =COUNTIF(FAQs!$A:$A,A5) | K5: =COUNTIF('Approved copy'!$A:$A,A5) | L5: Microblading vs powder brows · Microblading healing timeline, day by day · Microblading aftercare · Who should not get microblading · Microblading on oily or mature skin · Microblading touch-ups: when and why · What does microblading cost? | M5: This post already exists at /blog/what-is-microblading and the service page already links to it. Refresh it with the approved copy below rather than writing a new one. Approved longevity: 1-2 years. | N5: Not started
A6: 5 | B6: What Are Powder Brows? | C6: /blog/what-are-powder-brows | D6: /powder-brows | E6: Learn more about Powder Brows | F6: Pillar 5 | G6: 2 | H6: what are powder brows | I6: powder brows vs microblading (350/mo CA, KD 1); powder brows for oily skin; how long do powder brows last; eyebrow powdering | J6: =COUNTIF(FAQs!$A:$A,A6) | K6: =COUNTIF('Approved copy'!$A:$A,A6) | L6: Powder brows healing timeline · Powder brows vs microblading · Powder brows for oily skin · How long do powder brows last? · Powder brows aftercare · Powder brows vs makeup pencil | M6: Approved longevity: 2-3 years. | N6: Not started
A7: 6 | B7: What Is Permanent Eyeliner? | C7: /blog/what-is-permanent-eyeliner | D7: /permanent-eyeliner | E7: Learn more about Permanent Eyeliner | F7: Pillar 6 | G7: 2 | H7: what is permanent eyeliner | I7: lash line enhancement; does permanent eyeliner hurt; permanent eyeliner healing | J7: =COUNTIF(FAQs!$A:$A,A7) | K7: =COUNTIF('Approved copy'!$A:$A,A7) | L7: Lash enhancement vs classic liner vs wing · Permanent eyeliner healing and aftercare · Does permanent eyeliner hurt? · Permanent eyeliner for glasses wearers and mature eyes · Can you get it with lash extensions or contacts? | M7: Prices: upper $230, lower $120, no top + bottom combo (Jamie: $199 was a special). | N7: Not started
A8: 7 | B8: What Is Saline Tattoo Removal? | C8: /blog/what-is-saline-tattoo-removal | D8: /saline-tattoo-removal | E8: Learn more about Saline Tattoo & PMU Removal | F8: Pillar 7 | G8: 1 | H8: saline tattoo removal (200/mo CA, 3,400 global, KD 0) | I8: saline vs laser removal; how many saline removal sessions; removing old microblading | J8: =COUNTIF(FAQs!$A:$A,A8) | K8: =COUNTIF('Approved copy'!$A:$A,A8) | L8: Saline vs laser removal · How many saline removal sessions? · Removing old microblading · Fixing faded or wrong-colour brows · Saline removal aftercare | M8: Emergency removal: Jamie confirmed both claims are true and should be kept: "98-99% success rate of full removal if done within 24 hours" (old PMU hub card) and "up to 98% removal success rate after one session" within 72 hours (service page). 72 hours is the maximum. | N8: Not started
A9: 8 | B9: What Is Professional Teeth Whitening? | C9: /blog/what-is-professional-teeth-whitening | D9: /teeth-whitening | E9: Learn more about Teeth Whitening | F9: Pillar 8 | G9: 3 | H9: professional teeth whitening | I9: in-office vs at-home whitening; how long does teeth whitening last; is whitening safe for crowns | J9: =COUNTIF(FAQs!$A:$A,A9) | K9: =COUNTIF('Approved copy'!$A:$A,A9) | L9: In-office vs at-home whitening · Teeth whitening and sensitivity · How long does whitening last? · Foods and habits that stain teeth · Is whitening safe for crowns and fillings? | M9: Link to brief 9 for sensitive teeth. | N9: Not started
A10: 9 | B10: What Is 24K Gold Teeth Whitening? | C10: /blog/what-is-24k-gold-teeth-whitening | D10: /sensitive-teeth-whitening | E10: Learn more about 24K Gold Whitening for Sensitive Teeth | F10: Supporting post under pillar 8 | G10: 3 | H10: teeth whitening for sensitive teeth (50/mo CA, 1,000 global, KD 0) | I10: 24k gold teeth whitening; sensitive teeth whitening | J10: =COUNTIF(FAQs!$A:$A,A10) | K10: =COUNTIF('Approved copy'!$A:$A,A10) | L10: Teeth whitening and sensitivity · What is 24K gold whitening? | M10: "Sensitive teeth whitening" and "24K Gold Whitening" are the same service. | N10: Not started
A11: 10 | B11: What Are Tooth Gems? | C11: /blog/what-are-tooth-gems | D11: /tooth-gems | E11: Learn more about Swarovski Tooth Gems | F11: Pillar 9 | G11: 2 | H11: tooth gems; teeth gems (250/mo CA, KD 0) | I11: are tooth gems safe; how long do tooth gems last; tooth gem removal | J11: =COUNTIF(FAQs!$A:$A,A11) | K11: =COUNTIF('Approved copy'!$A:$A,A11) | L11: Are tooth gems safe? · How long do tooth gems last? · Tooth gem removal and aftercare · Tooth gem placement ideas | M11: Approved longevity: 6-24 months (Jamie). Pricing: $40 for the first, +$20 each for 2nd and 3rd, $5 each 4+. | N11: Not started
A12: 11 | B12: What Is RF Skin Tightening? | C12: /blog/what-is-rf-skin-tightening | D12: /skin-tightening | E12: Learn more about Skin Tightening Treatment | F12: Pillar 10 | G12: 2 | H12: rf skin tightening | I12: skin tightening treatment (1,700/mo CA, KD 24); how many RF sessions; RF skin tightening for neck and jawline | J12: =COUNTIF(FAQs!$A:$A,A12) | K12: =COUNTIF('Approved copy'!$A:$A,A12) | L12: RF vs ultrasound vs microneedling · How many RF sessions? · RF skin tightening for neck and jawline · Results timeline | M12: No hub; the service page is standalone. The 3-session package is "introductory pricing". | N12: Not started
A14: Legend: Status (column N) is the only column to edit; pick from the dropdown. FAQs and Copy blocks count the rows for each post on the other two tabs. All copy is Jamie-approved wording taken from the site on 2026-10-18.

Sheet FAQs
A1: # | B1: Post | C1: Question | D1: Answer | E1: From
A2: 1 | B2: What Is Brow Tinting and Shaping? | C2: How long does a brow tint last? | D2: A brow tint typically lasts 3-6 weeks, depending on your skin type and how quickly your brow hair sheds and regrows. | E2: Service page
A3: 1 | B3: What Is Brow Tinting and Shaping? | C3: How often should I book brow tinting and shape? | D3: Most clients rebook every 3-4 weeks to keep their shape clean, though this varies with how quickly your hair grows back. | E3: Service page
A4: 1 | B4: What Is Brow Tinting and Shaping? | C4: What should I do after brow tinting and shaping? | D4: Avoid water and sweat on the brows for a few hours and don't wear makeup on the brows for the rest of the day. Avoid direct sun, tanning beds and exfoliating products on the area for a few days. | E4: Service page
A5: 1 | B5: What Is Brow Tinting and Shaping? | C5: What eyebrow services does Brows on Point offer? | D5: Eyebrow Tint & Shape for a same-day refresh, or semi-permanent options like Microblading and Powder Brows if you want something more lasting with lower maintenance. Browse each below to see what fits. | E5: Hub page
A6: 1 | B6: What Is Brow Tinting and Shaping? | C6: What's the difference between eyebrow tinting and shaping, and semi-permanent brows like microblading/powder brow? | D6: Tint & Shape uses a semi-permanent tint that lasts 3-6 weeks. Microblading and Powder Brows are cosmetic tattoo techniques. Microblading lasts 1-2 years and Powder Brows last 2-3 years. Which one suits you depends on your skin texture, how much upkeep you want. | E6: Hub page
A7: 2 | B7: What Is a Lash Lift and Tint? | C7: What's the difference between the Keratin, BOMB, and Korean lash lift and tint? | D7: The Keratin Lash Lift and Tint is my base treatment, using a keratin protein solution for a natural curl. The BOMB Lash Lift and Tint adds a biotin-infused formula for extra hold and a more dramatic lift. The Korean Lash Lift and Tint uses a glueless, more gentle technique for a softer curl. | E7: Service page
A8: 2 | B8: What Is a Lash Lift and Tint? | C8: Why is the Korean lash lift and tint more expensive than the BOMB? | D8: The Korean technique uses a gentler, more premium lifting solution than the Keratin or BOMB treatments, along with a technique that takes more time to apply. | E8: Service page
A9: 2 | B9: What Is a Lash Lift and Tint? | C9: Can I get a lash lift without the lash tint? | D9: Yes, Lash Lift Only is available at $50 if you just want the curl without tinting your lashes. | E9: Service page
A10: 2 | B10: What Is a Lash Lift and Tint? | C10: How long does a lash lift and tint take? | D10: Around 45-60 minutes, depending on which lash lift you choose. | E10: Service page
A11: 2 | B11: What Is a Lash Lift and Tint? | C11: How long do lash lift and tint results last? | D11: A lash lift and tint typically lasts 6-12 weeks, depending on which technique you choose and your natural lash shed and growth cycle. | E11: Service page
A12: 2 | B12: What Is a Lash Lift and Tint? | C12: Can I wear mascara after a lash lift and tint? | D12: Yes, once the 48-hour aftercare window has passed, though many clients find they don't need it, since the tint already does the work. | E12: Service page
A13: 2 | B13: What Is a Lash Lift and Tint? | C13: Who isn't a good candidate for a lash lift and tint? | D13: I recommend waiting, or checking with your doctor first, if you have had recent eye surgery or procedures, have an active eye infection or condition, have severe allergies affecting the eye area, are in your first trimester of pregnancy, or are going through chemotherapy. | E13: Service page
... A70: 11 | B70: What Is RF Skin Tightening? | C70: What should I do after RF skin tightening? | D70: Apply SPF daily, stay well hydrated, and avoid harsh exfoliants for 48 hours. Book follow-up sessions as recommended for the best results. | E70: Service page

Sheet Approved copy
A1: # | B1: Post | C1: Block | D1: Approved text
A2: 1 | B2: What Is Brow Tinting and Shaping? | C2: Service intro | D2: Not every brow needs permanent makeup. If you're after something lower-commitment, brow tint is a great alternative.
A3: 1 | B3: What Is Brow Tinting and Shaping? | C3: Brow Tinting | D3: Brow tinting is just that..tints your natural brow hair, so sparse or light brows look fuller and more defined. Tint typically holds for 3-6 weeks.
A4: 1 | B4: What Is Brow Tinting and Shaping? | C4: Brow Shaping | D4: Brow shaping is cleaning up stray hairs and defining the shape.
A5: 1 | B5: What Is Brow Tinting and Shaping? | C5: Card (All Services) | D5: Semi-permanent tint and shape.
A6: 1 | B6: What Is Brow Tinting and Shaping? | C6: Hub intro | D6: Brows on Point is a brow bar in West Kelowna serving Kelowna, covering the full range of eyebrow services: from a same-day brow tint and shape to semi-permanent microblading and powder brows. Browse the brow services below, or book straight in if you already know what you're after.
A7: 1 | B7: What Is Brow Tinting and Shaping? | C7: Hub: Brow Tinting and Eyebrow Shaping in Kelowna | D7: Brow tinting and shape · lasts 3-6 weeks.
A8: 1 | B8: What Is Brow Tinting and Shaping? | C8: Hub: A Brow Bar in West Kelowna | D8: Brows on Point is at 3344 Sundance Drive, West Kelowna, BC, serving clients within the Okanagan, and beyond!
A9: 2 | B9: What Is a Lash Lift and Tint? | C9: Service intro | D9: A lash lift and tint lifts and curls your lashes from the bottom up, giving the appearance of longer fuller lashes. Ditch the lash curler and mascara. It'll make you say “I woke up like this!” Brows on Point, in West Kelowna, offers 3 distinct versions of this: the Keratin Lash Lift and Tint, my signature BOMB Lash Lift and Tint, and the Korean Lash Lift and Tint.
A10: 2 | B10: What Is a Lash Lift and Tint? | C10: Card (All Services) | D10: Keratin, BOMB, or Korean lash lift and tint: lifted, darker lashes with no extensions.
A11: 2 | B11: What Is a Lash Lift and Tint? | C11: Hub intro | D11: Ditch the damaging lash curler and messy mascara! Lift and curl your lashes from the bottom up, giving the appearance of longer, fuller lashes.
A12: 3 | B12: What Is Lash Tinting? | C12: Service intro | D12: Lash tinting is a fast, low-fuss way to darken your natural lashes without the daily fuss of mascara.
A13: 3 | B13: What Is Lash Tinting? | C13: Card (All Services) | D13: Semi-permanent tint for lashes, brows, or both: a fast way to skip the daily mascara.
... A48: 11 | B48: What Is RF Skin Tightening? | C48: Card (All Services) | D48: Non-invasive radiofrequency skin tightening for the face, neck, and jowls — a single session or a 3-session package, depending on your goals.
