Workbook

Sheet Sitemap
A1: # | B1: URL path | C1: Review doc | D1: Find in doc | E1: Full URL | F1: Page type | G1: Section | H1: Status | I1: Priority | J1: H1 | K1: Meta title | L1: Meta description | M1: Desc length | N1: Desc OK | O1: Indexable | P1: FAQs | Q1: Placeholder images | R1: Photos | S1: Target queries (data) | T1: To-do | U1: Open questions
A2: 1 | B2: / | C2: Open in doc | D2: 01 · Home (/) | E2: =Settings!$B$1&B2 | F2: Home | G2: Home | H2: Needs work | I2: High | J2: Brows on Point | K2: Brows on Point | Brows, Lashes & Permanent Makeup in Kelowna | L2: Brows on Point is a West Kelowna studio serving Kelowna for brow tinting, lash lifts, microblading, powder brows, permanent makeup and teeth whitening. | M2: =LEN(L2) | N2: =IF(L2="","n/a",IF(AND(M2>=Settings!$B$2,M2<=Settings!$B$3),"OK","Check")) | O2: After launch gate | P2: 5 | Q2: 0 | R2: Hero photo + 3 service sections with photos. Hero image alt text is empty. | S2: brows near me (#10), brow tint near me (#8), microblading kelowna (#7-9), lash lift kelowna (#8), permanent makeup kelowna (#7). Brand: brows on point kelowna (44% CTR). | T2: Protect the topics that rank today (homepage carries 99% of old clicks). Page-level noindex must come off at launch. Give hero image descriptive alt text. | U2: Which sections of the old homepage should be kept word-for-word?
A3: 2 | B3: /about | C3: Open in doc | D3: 02 · About (/about) | E3: =Settings!$B$1&B3 | F3: Info | G3: Company | H3: Needs work | I3: Medium | J3: About Brows on Point | K3: About Jamie & Brows on Point | Brows on Point | L3: Learn about Brows on Point, a West Kelowna beauty studio specializing in lash lifts, brow enhancements, and permanent makeup since 2016. | M3: =LEN(L3) | N3: =IF(L3="","n/a",IF(AND(M3>=Settings!$B$2,M3<=Settings!$B$3),"OK","Check")) | O3: After launch gate | P3: 0 | Q3: 0 | R3: 4 images (Jamie photos, portrait + working). All present. | S3: about / about-4 had ~1,100 impressions each at position 27-29 on the old site (now 301 to /about). | T3: Page-level noindex must come off at launch. Meta description is under 150 characters (136). Old /about-1 to /about-4 redirect here. | U3: Confirm certification list and "since 2016" claim are current.
A4: 3 | B4: /services | C4: Open in doc | D4: 03 · All Services (/services) | E4: =Settings!$B$1&B4 | F4: Hub | G4: Services | H4: Needs work | I4: High | J4: My Services | K4: All Services in Kelowna | Brows on Point | L4: Explore all services at Brows on Point in West Kelowna: lash lifts, brow tinting, permanent makeup, teeth whitening and more for Kelowna clients. Book online. | M4: =LEN(L4) | N4: =IF(L4="","n/a",IF(AND(M4>=Settings!$B$2,M4<=Settings!$B$3),"OK","Check")) | O4: After launch gate | P4: 0 | Q4: 1 | R4: Card images present for 4 of 5 categories. Skin Tightening card is a placeholder. | S4: /services had 2,777 impressions, 21 clicks on the old site (kept, not redirected). | T4: Page-level noindex must come off at launch. Add a photo for the Skin Tightening card. Old /gallery redirects here. | U4: Is a dedicated gallery page wanted later (old /gallery had 43 impressions)?
A5: 4 | B5: /contact | C5: Open in doc | D5: 04 · Contact (/contact) | E5: =Settings!$B$1&B5 | F5: Info | G5: Company | H5: Ready | I5: Low | J5: Contact Brows on Point | K5: Contact Me | Brows on Point | L5: Contact Brows on Point in West Kelowna to book an appointment or ask a question about my lash, brow, permanent makeup, and teeth whitening services. | M5: =LEN(L5) | N5: =IF(L5="","n/a",IF(AND(M5>=Settings!$B$2,M5<=Settings!$B$3),"OK","Check")) | O5: After launch gate | P5: 0 | Q5: 0 | R5: 2 images (logo, map). Present. | T5: Meta description is under 150 characters (148). Confirm hours, phone, email match Fresha/Birdeye/ProfileCanada listings. | U5: Confirm current hours and phone.
A6: 5 | B6: /training | C6: Open in doc | D6: 05 · Training (/training) | E6: =Settings!$B$1&B6 | F6: Info | G6: Company | H6: Needs work | I6: Low | J6: Lash Lift & Teeth Whitening Training | K6: Lash Lift & Teeth Whitening Training | Brows on Point | L6: Train with Brows on Point in West Kelowna. Hands-on lash lift and teeth whitening training courses for aspiring beauty professionals. | M6: =LEN(L6) | N6: =IF(L6="","n/a",IF(AND(M6>=Settings!$B$2,M6<=Settings!$B$3),"OK","Check")) | O6: After launch gate | P6: 0 | Q6: 0 | R6: 2 images. Present. | S6: microblading course (200 CA) / microblading training near me (100) are Ink & Arch queries. | T6: Meta description is short (133). Title mentions lash lift and teeth whitening only. | U6: Does Jamie train microblading or other PMU? If yes, add it and target those queries.
A7: 6 | B7: /blog | C7: Open in doc | D7: 06 · Blog index (/blog) | E7: =Settings!$B$1&B7 | F7: Blog index | G7: Blog | H7: Needs work | I7: Medium | J7: Blog | K7: Blog | Brows on Point | L7: Lash, brow, and skin care tips from Brows on Point in West Kelowna — aftercare advice, treatment comparisons, and answers to what clients ask most. | M7: =LEN(L7) | N7: =IF(L7="","n/a",IF(AND(M7>=Settings!$B$2,M7<=Settings!$B$3),"OK","Check")) | O7: After launch gate | P7: 0 | Q7: 1 | R7: No cover images for either post (placeholder cards). | T7: Add cover images at /public/blog/<slug>.jpg. Meta description is under 150 (147). | U7: Is a blog category structure wanted beyond Lashes / Permanent Makeup?
A8: 7 | B8: /blog/lash-lift-aftercare-tips | C8: Open in doc | D8: 07 · Blog: Lash lift aftercare (/blog/lash-lift-aftercare-tips) | E8: =Settings!$B$1&B8 | F8: Blog post | G8: Blog | H8: Needs work | I8: Medium | J8: How to Make Your Lash Lift and Tint Last Longer | K8: How to Make Your Lash Lift and Tint Last Longer | Brows on Point | L8: The first 48 hours after a lash lift and tint matter most. Here are the aftercare habits that help your lift and tint last the full 6-12 weeks. | M8: =LEN(L8) | N8: =IF(L8="","n/a",IF(AND(M8>=Settings!$B$2,M8<=Settings!$B$3),"OK","Check")) | O8: After launch gate | P8: 2 | Q8: 0 | R8: No cover image. OG image exists. | S8: lash lift aftercare (350 CA, KD 0) | T8: Add cover image. Meta description is under 150 (143). Strengthen to target "lash lift aftercare" fully (350 CA, 5,100 global). FAQs were reworded to differ from the service page. | U8: Jamie to review aftercare wording.
A9: 8 | B9: /blog/what-is-microblading | C9: Open in doc | D9: 08 · Blog: What is microblading (/blog/what-is-microblading) | E9: =Settings!$B$1&B9 | F9: Blog post (pillar) | G9: Blog | H9: Draft | I9: High | J9: What Is Microblading? A Complete Guide | K9: What Is Microblading? A Complete Guide | Brows on Point | L9: What microblading is, how an appointment works, what healing looks like, how long it lasts and what it costs. A clear guide from Brows on Point in Kelowna. | M9: =LEN(L9) | N9: =IF(L9="","n/a",IF(AND(M9>=Settings!$B$2,M9<=Settings!$B$3),"OK","Check")) | O9: After launch gate | P9: 5 | Q9: 0 | R9: No cover image. No OG image (falls back to site default). | S9: what is microblading, microblading healing (30 CA), microblading cost | T9: DRAFT: Jamie must review health and healing wording before launch. Add cover image and a 1200x630 OG image. About 1,400 words; plan called for 1,800+. Link to it from the microblading and permanent makeup pages ("Learn more"). | U9: Jamie review. Add more depth to reach pillar length?
A10: 9 | B10: /brows | C10: Open in doc | D10: 09 · Brows hub (/brows) | E10: =Settings!$B$1&B10 | F10: Hub | G10: Brows | H10: Ready | I10: Medium | J10: Eyebrow Services in Kelowna | K10: Eyebrow Services in Kelowna | Brows on Point | L10: Eyebrow services in Kelowna: brow tinting, hot-wax shaping, microblading and powder brows. Brows on Point is a brow bar in West Kelowna. Book online today. | M10: =LEN(L10) | N10: =IF(L10="","n/a",IF(AND(M10>=Settings!$B$2,M10<=Settings!$B$3),"OK","Check")) | O10: After launch gate | P10: 2 | Q10: 0 | R10: 5 images present (card photos). Brow Tint & Shape card uses the single closeup. | S10: eyebrows kelowna (1,196 impr, pos 11.8), eyebrow services kelowna (586, pos 4.7), brow bar kelowna (841) | T10: Exact-phrase sections added. No further content needed beyond links to future brow blog posts. | U10: Is she comfortable calling the studio a "brow bar"?
A11: 10 | B11: /brows/brow-tint-and-shape | C11: Open in doc | D11: 10 · Eyebrow Tinting & Shaping (/brows/brow-tint-and-shape) | E11: =Settings!$B$1&B11 | F11: Service | G11: Brows | H11: Ready | I11: High | J11: Eyebrow Tinting & Shaping | K11: Eyebrow Tinting & Shaping in Kelowna | Brows on Point | L11: Eyebrow tinting and shaping in Kelowna for $25. Brow tint and hot-wax shaping in one appointment at Brows on Point in West Kelowna. Book online today. | M11: =LEN(L11) | N11: =IF(L11="","n/a",IF(AND(M11>=Settings!$B$2,M11<=Settings!$B$3),"OK","Check")) | O11: After launch gate | P11: 9 | Q11: 0 | R11: 1 image (single large photo, no grid). No other photos available. | S11: brow tinting kelowna (1,077 impr, pos 6.2), eyebrow tinting kelowna (842, pos 3.6), eyebrow shaping kelowna (862, pos 5.1), eyebrow tinting near me | T11: More photos (before/after tint). Blog posts: brow tint vs henna vs lamination, waxing set (waxing demand: eyebrow waxing near me 2,000, KD 0). | U11: Confirm the "hot-wax shaping" description (assumed correct). Does she offer brow lamination? (assumed no).
A12: 11 | B12: /lashes | C12: Open in doc | D12: 11 · Lashes hub (/lashes) | E12: =Settings!$B$1&B12 | F12: Hub | G12: Lashes | H12: Needs work | I12: Medium | J12: Lashes | K12: Lash Services in Kelowna | Brows on Point | L12: Lash lift and tint plus lash and brow tinting in Kelowna. Brows on Point is a lash studio in West Kelowna covering every option. Book online with Jamie today. | M12: =LEN(L12) | N12: =IF(L12="","n/a",IF(AND(M12>=Settings!$B$2,M12<=Settings!$B$3),"OK","Check")) | O12: After launch gate | P12: 2 | Q12: 1 | R12: 3 images. Lash & Brow Tinting card is a placeholder. | S12: lashes west kelowna (10 clicks), eyelash extensions west kelowna (no service) | T12: Add photo for Lash & Brow Tinting card. Lash Growth Serum card is commented out (hidden). | U12: Bring Lash Growth Serum back? Needs a product photo or brand logo.
A13: 12 | B13: /lashes/lash-lift-and-tint | C13: Open in doc | D13: 12 · Lash Lift and Tint (/lashes/lash-lift-and-tint) | E13: =Settings!$B$1&B13 | F13: Service | G13: Lashes | H13: Ready | I13: High | J13: Lash Lift and Tint | K13: Lash Lift and Tint in Kelowna | Brows on Point | L13: Keratin, BOMB or Korean lash lift and tint in Kelowna from $70 at Brows on Point in West Kelowna. Lifted, darker lashes, no extensions. Book online today. | M13: =LEN(L13) | N13: =IF(L13="","n/a",IF(AND(M13>=Settings!$B$2,M13<=Settings!$B$3),"OK","Check")) | O13: After launch gate | P13: 13 | Q13: 0 | R13: 4 gallery photos (2 BOMB, 2 Keratin) + hero. All present. No Korean lash lift photo. | S13: lash lift kelowna (1,887 impr, pos 15.2), lash lift and tint kelowna (992), eyelash lift near me (353), lash lifting near me | T13: Add a Korean lash lift photo. Pillar: What Is a Lash Lift? plus Keratin vs BOMB vs Korean post. Possibly add Korean price. | U13: Korean lash lift price is "ask at consultation": publish a price?
A14: 13 | B14: /lashes/lash-and-brow-tinting | C14: Open in doc | D14: 13 · Lash & Brow Tinting (/lashes/lash-and-brow-tinting) | E14: =Settings!$B$1&B14 | F14: Service | G14: Lashes | H14: Needs photos | I14: High | J14: Lash & Brow Tinting | K14: Lash & Brow Tinting in Kelowna | Brows on Point | L14: Eyelash and brow tinting in Kelowna from $25 at Brows on Point in West Kelowna. Darker lashes and brows without daily mascara. Book your tint online today. | M14: =LEN(L14) | N14: =IF(L14="","n/a",IF(AND(M14>=Settings!$B$2,M14<=Settings!$B$3),"OK","Check")) | O14: After launch gate | P14: 7 | Q14: 4 | R14: 0 photos: 4 gallery placeholders + card placeholder. | S14: lash tint (800 CA, KD 0), lash tinting near me (365 impr), eyelash tinting near me (298) | T14: Needs 1-4 photos (tint-specific). Candidates in /public/overflow: lashes-lift-after-selfie-01, lashes-lift-bomb-after-01, brows-tint-and-shape closeup. Lash lift photos show tinted lashes but also the lift. | U14: Which photo(s)? Or wait for tint-specific photos.
A15: 14 | B15: /permanent-makeup | C15: Open in doc | D15: 14 · Permanent Makeup hub (/permanent-makeup) | E15: =Settings!$B$1&B15 | F15: Hub | G15: Permanent Makeup | H15: Ready | I15: High | J15: Permanent Makeup in Kelowna | K15: Permanent Makeup in Kelowna | Brows on Point | L15: Permanent makeup in Kelowna: microblading from $275, powder brows from $300, permanent eyeliner and saline removal at Brows on Point. Book a consult today. | M15: =LEN(L15) | N15: =IF(L15="","n/a",IF(AND(M15>=Settings!$B$2,M15<=Settings!$B$3),"OK","Check")) | O15: After launch gate | P15: 4 | Q15: 0 | R15: 6 images present. | S15: permanent makeup kelowna (1,220 impr, pos 14.1), permanent makeup (813, pos 14.4), permanent eyebrows (307, pos 31.4) | T15: Pillar: What Is Permanent Makeup? to be written. Link to microblading pillar post. | U15: Add a lip or other PMU service? (assumed no.)
A16: 15 | B16: /permanent-makeup/microblading | C16: Open in doc | D16: 15 · Microblading (/permanent-makeup/microblading) | E16: =Settings!$B$1&B16 | F16: Service | G16: Permanent Makeup | H16: Ready | I16: High | J16: Microblading | K16: Microblading in Kelowna | Brows on Point | L16: Microblading in Kelowna from $275 at Brows on Point in West Kelowna. Natural hair-stroke brows for sparse or over-tweezed eyebrows. Book your appointment. | M16: =LEN(L16) | N16: =IF(L16="","n/a",IF(AND(M16>=Settings!$B$2,M16<=Settings!$B$3),"OK","Check")) | O16: After launch gate | P16: 11 | Q16: 0 | R16: 4 gallery photos present. | S16: microblading kelowna (1,689 impr, pos 12.5), kelowna microblading, microblading in kelowna, microblading cost | T16: Link to "What Is Microblading?" blog pillar. Before/after photos include healed results. | U16: Check microblading-before-after-04 (black bars) stays in overflow.
A17: 16 | B17: /permanent-makeup/powder-brows | C17: Open in doc | D17: 16 · Powder Brows (/permanent-makeup/powder-brows) | E17: =Settings!$B$1&B17 | F17: Service | G17: Permanent Makeup | H17: Ready | I17: Medium | J17: Powder Brows | K17: Powder Brows in Kelowna | Brows on Point | L17: Powder brows in Kelowna from $300 at Brows on Point in West Kelowna. Soft, filled-in brows that hold their shape. Book your powder brow appointment online. | M17: =LEN(L17) | N17: =IF(L17="","n/a",IF(AND(M17>=Settings!$B$2,M17<=Settings!$B$3),"OK","Check")) | O17: After launch gate | P17: 8 | Q17: 0 | R17: 4 gallery photos present. | S17: powder brows near me (440 impr, pos 26), eyebrow powdering near me, powder brows vs microblading (350 CA) | T17: Write "powder brows vs microblading" post (top informational keyword). Answer for "how long do powder brows last" now says 1-2 years; confirm. | U17: Confirm powder brows longevity wording.
A18: 17 | B18: /permanent-makeup/permanent-eyeliner | C18: Open in doc | D18: 17 · Permanent Eyeliner (/permanent-makeup/permanent-eyeliner) | E18: =Settings!$B$1&B18 | F18: Service | G18: Permanent Makeup | H18: Needs work | I18: Medium | J18: Permanent Eyeliner | K18: Permanent Eyeliner in Kelowna | Brows on Point | L18: Permanent eyeliner in Kelowna at Brows on Point: subtle lash line enhancement or fully defined top and bottom liner. Prices from $120. Book online today. | M18: =LEN(L18) | N18: =IF(L18="","n/a",IF(AND(M18>=Settings!$B$2,M18<=Settings!$B$3),"OK","Check")) | O18: After launch gate | P18: 7 | Q18: 0 | R18: Single large photo (2nd is in overflow). One before/after has a "Simple and sweet" text banner baked into the image. | S18: permanent eyeliner kelowna (low volume) | T18: Replace or crop the banner image. Get 2-3 more photos for a gallery. Price options show $199 / $120 / $319. | U18: Old site listed permanent eyeliner at $230. Current prices assumed correct.
A19: 18 | B19: /permanent-makeup/saline-tattoo-removal | C19: Open in doc | D19: 18 · Saline Tattoo & PMU Removal (/permanent-makeup/saline-tattoo-removal) | E19: =Settings!$B$1&B19 | F19: Service | G19: Permanent Makeup | H19: Ready | I19: Medium | J19: Saline Tattoo & PMU Removal | K19: Saline Tattoo & PMU Removal in Kelowna | Brows on Point | L19: Saline tattoo and eyebrow PMU removal in Kelowna at Brows on Point, a gentle alternative to laser removal. Sessions from $125. Book your consult today. | M19: =LEN(L19) | N19: =IF(L19="","n/a",IF(AND(M19>=Settings!$B$2,M19<=Settings!$B$3),"OK","Check")) | O19: After launch gate | P19: 8 | Q19: 0 | R19: Single large photo (2 more in overflow). | S19: saline tattoo removal (200 CA, 3,400 global, KD 0) | T19: Pillar: What Is Saline Tattoo Removal? (Phase 1). A fourth, procedure-style photo is in overflow. | U19: Confirm no laser offered (assumed correct).
A20: 19 | B20: /smile | C20: Open in doc | D20: 19 · Smile hub (/smile) | E20: =Settings!$B$1&B20 | F20: Hub | G20: Smile | H20: Ready | I20: Low | J20: Smile Services | K20: Smile Services in Kelowna | Brows on Point | L20: Teeth whitening and Swarovski tooth gems in Kelowna at Brows on Point in West Kelowna. Explore my smile services and book your appointment online today. | M20: =LEN(L20) | N20: =IF(L20="","n/a",IF(AND(M20>=Settings!$B$2,M20<=Settings!$B$3),"OK","Check")) | O20: After launch gate | P20: 0 | Q20: 0 | R20: 5 images present. No FAQ block on this hub. | T20: Consider a short FAQ block for the hub.
A21: 20 | B21: /smile/teeth-whitening | C21: Open in doc | D21: 20 · Teeth Whitening (/smile/teeth-whitening) | E21: =Settings!$B$1&B21 | F21: Service | G21: Smile | H21: Ready | I21: Medium | J21: Teeth Whitening | K21: Teeth Whitening in Kelowna | Brows on Point | L21: Professional in-studio teeth whitening in Kelowna from $99 at Brows on Point in West Kelowna. Basic, Ultra and 24k gold sessions. Book your whitening today. | M21: =LEN(L21) | N21: =IF(L21="","n/a",IF(AND(M21>=Settings!$B$2,M21<=Settings!$B$3),"OK","Check")) | O21: After launch gate | P21: 9 | Q21: 0 | R21: 4 gallery photos (Basic and Ultra). | S21: teeth whitening kelowna (30), teeth whitening for sensitive teeth (50 CA, 1,000 global) | T21: Pillar: What Is Professional Teeth Whitening? Whitening Basic/Ultra naming in image files is internal. | U21: Under-18 exclusion now set to 18+ across the site.
A22: 21 | B22: /smile/sensitive-teeth-whitening | C22: Open in doc | D22: 21 · 24K Gold Whitening (Sensitive Teeth) (/smile/sensitive-teeth-whitening) | E22: =Settings!$B$1&B22 | F22: Service | G22: Smile | H22: Ready | I22: Low | J22: 24K Gold Whitening for Sensitive Teeth | K22: Sensitive Teeth Whitening in Kelowna | Brows on Point | L22: Sensitive teeth? Brows on Point in West Kelowna offers 24k gold teeth whitening for Kelowna clients with sensitive smiles, $99. Book your appointment today. | M22: =LEN(L22) | N22: =IF(L22="","n/a",IF(AND(M22>=Settings!$B$2,M22<=Settings!$B$3),"OK","Check")) | O22: After launch gate | P22: 6 | Q22: 0 | R22: 4 gallery photos re-used from whitening photos (no 24K-specific photos). | S22: teeth whitening for sensitive teeth (50 CA) | T22: Replace with 24K gold-specific photos if available. | U22: Is 24K gold whitening the same procedure visually? Confirm re-using photos is fine.
A23: 22 | B23: /smile/tooth-gems | C23: Open in doc | D23: 22 · Tooth Gems (/smile/tooth-gems) | E23: =Settings!$B$1&B23 | F23: Service | G23: Smile | H23: Ready | I23: Medium | J23: Swarovski Tooth Gems | K23: Tooth Gems in Kelowna | Brows on Point | L23: Swarovski tooth gems in Kelowna from $40 at Brows on Point in West Kelowna. Add sparkle with a professionally applied crystal tooth gem. Book online today. | M23: =LEN(L23) | N23: =IF(L23="","n/a",IF(AND(M23>=Settings!$B$2,M23<=Settings!$B$3),"OK","Check")) | O23: After launch gate | P23: 8 | Q23: 0 | R23: 4 gallery photos present (multi-gem photo first). | S23: tooth gems kelowna (98 impr, 7 clicks), teeth gems (250 CA, KD 0) | T23: Pillar: What Is a Tooth Gem? Old site showed gems at $60 (+$20 each); site shows $40 single. | U23: Confirm gem pricing (assumed $40 is correct).
A24: 23 | B24: /skin-tightening | C24: Open in doc | D24: 23 · Skin Tightening (/skin-tightening) | E24: =Settings!$B$1&B24 | F24: Service | G24: Skin Tightening | H24: Needs photos | I24: Medium | J24: Skin Tightening Treatment | K24: Skin Tightening in Kelowna | Brows on Point | L24: RF skin tightening in Kelowna at Brows on Point in West Kelowna. A non-invasive treatment that firms skin and boosts collagen. Book your appointment today. | M24: =LEN(L24) | N24: =IF(L24="","n/a",IF(AND(M24>=Settings!$B$2,M24<=Settings!$B$3),"OK","Check")) | O24: After launch gate | P24: 10 | Q24: 4 | R24: 0 photos: 4 gallery placeholders + card placeholder on /services. | S24: skin tightening treatment (1,700 CA, KD 24, held by a Winnipeg clinic) | T24: Needs photos. Build out content (competitive opportunity). Pillar: What Is RF Skin Tightening? | U24: Any before/after photos allowed? Package pricing ($75 single, $175 for 3) assumed correct.
A25: 24 | B25: /lashes/lash-growth-serum | C25: Open in doc | D25: 24 · Lash Growth Serum (hidden) (/lashes/lash-growth-serum) | E25: =Settings!$B$1&B25 | F25: Service (hidden) | G25: Lashes | H25: Hidden | I25: Low | M25: =LEN(L25) | N25: =IF(L25="","n/a",IF(AND(M25>=Settings!$B$2,M25<=Settings!$B$3),"OK","Check")) | O25: Hidden (404) | P25: 0 | Q25: 0 | R25: No photos. Returns 404 on purpose. | T25: Commented out everywhere (page moved to _lash-growth-serum, sitemap and hub entry removed). Restore when a product photo or logo exists. | U25: Does she still sell the serum? Derol was removed from the site, so a different product/brand logo is needed.
B27: Pages | C27: =COUNTA(B2:B25)
B28: Ready | C28: =COUNTIF(H2:H25,"Ready")
B29: Needs work / photos / draft | C29: =COUNTIF(H2:H25,"Needs work")+COUNTIF(H2:H25,"Needs photos")+COUNTIF(H2:H25,"Draft")
B30: Placeholder image slots | C30: =SUM(Q2:Q25)
B31: Descriptions to check | C31: =COUNTIF(N2:N25,"Check")
B32: Total FAQs | C32: =SUM(P2:P25)

Sheet Redirects
A1: Old URL | B1: Destination | C1: Type | D1: Source | E1: Status | F1: Notes
A2: /brow-services | B2: /brows | C2: 301 | D2: next.config.mjs (earlier) | E2: Configured
A3: /lash-lift | B3: /lashes/lash-lift-and-tint | C3: 301 | D3: next.config.mjs (earlier) | E3: Configured
A4: /teeth-services | B4: /smile | C4: 301 | D4: next.config.mjs (earlier) | E4: Configured
A5: /rf-skin-tightening | B5: /skin-tightening | C5: 301 | D5: next.config.mjs (earlier) | E5: Configured
A6: /about-1 | B6: /about | C6: 301 | D6: Search Console (53 impressions) | E6: Configured
A7: /about-2 | B7: /about | C7: 301 | D7: Search Console (10 impressions) | E7: Configured
A8: /about-3 | B8: /about | C8: 301 | D8: Search Console (10 impressions) | E8: Configured
A9: /about-4 | B9: /about | C9: 301 | D9: Search Console (1,119 impressions) | E9: Configured
A10: /testimonials | B10: / | C10: 301 | D10: Search Console (876 impressions, pos 5.4) | E10: Configured | F10: Testimonials now live inside page sections; consider a dedicated page if it matters for SEO.
A11: /gallery | B11: /services | C11: 301 | D11: Search Console (43 impressions) | E11: Configured | F11: A dedicated gallery page could replace this redirect later.
A12: /services | B12: (kept) | C12: - | D12: Search Console (2,777 impressions) | E12: Kept | F12: Not redirected.
A13: http://browsonpointkelowna.com/ and non-www | B13: https://www.browsonpointkelowna.com/ | C13: 301 | D13: Ahrefs (links hit both hosts) | E13: TO DO (Netlify) | F13: Set host-level redirect in Netlify; non-www and http versions both carry backlinks.

Sheet Site-wide to-do
A1: # | B1: Area | C1: Item | D1: Owner | E1: Priority | F1: Status
A2: 1 | B2: Launch | C2: Remove the site-wide noindex meta (layout.tsx) and flip robots.ts to allow crawling; also remove page-level noindex on /, /about, /services. | D2: Claude / you | E2: High | F2: Open
A3: 2 | B3: Launch | C3: Netlify: redirect non-www and http to https://www.browsonpointkelowna.com. | D3: You | E3: High | F3: Open
A4: 3 | B4: Launch | C4: Add the new site to Search Console as a Domain property and submit sitemap.xml. | D4: You | E4: High | F4: Open
A5: 4 | B5: Analytics | C5: GA4 tag is installed (G-RRXLXBYSWD). Create the booking_click event and mark it a key event; link GA4 to Search Console. | D5: You | E5: Medium | F5: Open
A6: 5 | B6: Content | C6: Jamie to review both blog posts and the new FAQ answers (health, patch test, aftercare, who-should-avoid wording). | D6: Jamie | E6: High | F6: Open
A7: 6 | B7: Photos | C7: Lash & Brow Tinting: 4 gallery slots + hub card have no photo. | D7: You | E7: High | F7: Open
A8: 7 | B8: Photos | C8: Skin Tightening: 4 gallery slots + /services card have no photo. | D8: You | E8: High | F8: Open
A9: 8 | B9: Photos | C9: Blog covers for both posts (/public/blog/<slug>.jpg) and a 1200x630 OG image for the microblading post. | D9: You | E9: Medium | F9: Open
A10: 9 | B10: Photos | C10: Permanent eyeliner: replace the image with the "Simple and sweet" banner; add more eyeliner photos. | D10: You | E10: Medium | F10: Open
A11: 10 | B11: Photos | C11: Add a Korean lash lift photo; 24K-gold-specific whitening photos if available; more brow tint photos. | D11: You | E11: Low | F11: Open
A12: 11 | B12: Photos | C12: Service gallery images all use the service title as alt text. Write descriptive alt text per photo. | D12: Claude | E12: Medium | F12: Open
A13: 12 | B13: Photos | C13: public/overflow is served publicly and is 42 MB uncompressed: delete, compress, or exclude before launch. | D13: You | E13: Medium | F13: Open
... A24: 23 | B24: SEO | C24: Watch the September 2026 impressions drop on the old site (5,906 to 3,338) after launch. | D24: You | E24: Low | F24: Open

Sheet Settings
A1: Production base URL | B1: https://www.browsonpointkelowna.com
A2: Meta description target length (min) | B2: 150
A3: Meta description target length (max) | B3: 158
A5: Notes
A6: Blue cells are inputs. The base URL feeds Full URL; the length targets feed Desc OK.
A7: Page data comes from outputs/pages.json (scripts/extract_pages.py). Status, priority and notes come from the CSV files.
A8: Query data comes from Search Console and Ahrefs exports (see outputs/*-summary.md).
